id;code;description;source
1;payment benchmark Chair;Senior connecting Handmade Fresh Cheese;application Berkshire cutting-edge
2;Chips;Customer-focused;Springs virtual
3;Data Chad;array Ports;THX
4;plug-and-play bifurcated Pants;deposit;Tuna Investment Account
5;Expanded;Data synthesizing Object-based;calculate scalable Table
6;Fish Personal Loan Account functionalities;Intelligent;Borders
7;partnerships Beauty Technician;Car throughput;Sleek Bike
8;Plastic;SSL Functionality;Table
9;Movies Books Fresh;firewall Avon;Shoes Executive
10;Operations;Unions Fantastic Fresh Shoes withdrawal;SQL white
